seat_no,row,section,screen_id
274582,AAA,center,1
274583,AAA,center,1
274584,AAA,center,1
274585,AAA,center,1
274586,AAA,center,1
274587,AAA,center,1
274588,AAA,center,1
274589,AAA,center,1
274590,AAA,center,1
274591,AAA,center,1
274592,AAA,center,1
274593,AAA,center,1
274651,BBB,left,1
274652,BBB,left,1
274653,BBB,left,1
274654,BBB,left,1
274660,BBB,center,1
274661,BBB,center,1
274662,BBB,center,1
274663,BBB,center,1
274664,BBB,center,1
274665,BBB,center,1
274666,BBB,center,1
274667,BBB,center,1
274668,BBB,center,1
274669,BBB,center,1
274670,BBB,center,1
274671,BBB,center,1
274672,BBB,center,1
274673,BBB,center,1
274677,BBB,right,1
274678,BBB,right,1
274679,BBB,right,1
274680,BBB,right,1
274730,A,left,1
274731,A,left,1
274732,A,left,1
274733,A,left,1
274734,A,left,1
274739,A,center,1
274740,A,center,1
274741,A,center,1
274742,A,center,1
274743,A,center,1
274744,A,center,1
274745,A,center,1
274746,A,center,1
274747,A,center,1
274748,A,center,1
274749,A,center,1
274750,A,center,1
274751,A,center,1
274752,A,center,1
274753,A,center,1
274757,A,right,1
274758,A,right,1
274759,A,right,1
274760,A,right,1
274761,A,right,1
274810,B,left,1
274811,B,left,1
274812,B,left,1
274813,B,left,1
274814,B,left,1
274818,B,center,1
274819,B,center,1
274820,B,center,1
274821,B,center,1
274822,B,center,1
274823,B,center,1
274824,B,center,1
274825,B,center,1
274826,B,center,1
274827,B,center,1
274828,B,center,1
274829,B,center,1
274830,B,center,1
274831,B,center,1
274832,B,center,1
274833,B,center,1
274837,B,right,1
274838,B,right,1
274839,B,right,1
274840,B,right,1
274841,B,right,1
274842,B,right,1
274979,C,center,1
274980,C,center,1
274981,C,center,1
274982,C,center,1
274983,C,center,1
274984,C,center,1
274985,C,center,1
274986,C,center,1
274987,C,center,1
274988,C,center,1
274989,C,center,1
274990,C,center,1
274991,C,center,1
274992,C,center,1
274993,C,center,1
275128,D,left,1
275129,D,left,1
275130,D,left,1
275131,D,left,1
275132,D,left,1
275133,D,left,1
275134,D,left,1
275139,D,center,1
275140,D,center,1
275141,D,center,1
275142,D,center,1
275143,D,center,1
275144,D,center,1
275145,D,center,1
275146,D,center,1
275147,D,center,1
275148,D,center,1
275149,D,center,1
275150,D,center,1
275151,D,center,1
275152,D,center,1
275153,D,center,1
275157,D,right,1
275158,D,right,1
275159,D,right,1
275160,D,right,1
275161,D,right,1
275162,D,right,1
275163,D,right,1
275205,E,left,1
275206,E,left,1
275207,E,left,1
275208,E,left,1
275209,E,left,1
275210,E,left,1
275211,E,left,1
275212,E,left,1
275213,E,left,1
275214,E,left,1
275218,E,center,1
275219,E,center,1
275220,E,center,1
275221,E,center,1
275222,E,center,1
275223,E,center,1
275224,E,center,1
275225,E,center,1
275226,E,center,1
275227,E,center,1
275228,E,center,1
275229,E,center,1
275230,E,center,1
275231,E,center,1
275232,E,center,1
275233,E,center,1
275237,E,right,1
275238,E,right,1
275239,E,right,1
275240,E,right,1
275241,E,right,1
275242,E,right,1
275243,E,right,1
275244,E,right,1
275245,E,right,1
275246,E,right,1
275284,F,left,1
275285,F,left,1
275286,F,left,1
275287,F,left,1
275288,F,left,1
275289,F,left,1
275290,F,left,1
275291,F,left,1
275292,F,left,1
275293,F,left,1
275294,F,left,1
275298,F,center,1
275299,F,center,1
275300,F,center,1
275301,F,center,1
275302,F,center,1
275303,F,center,1
275304,F,center,1
275305,F,center,1
275306,F,center,1
275307,F,center,1
275308,F,center,1
275309,F,center,1
275310,F,center,1
275311,F,center,1
275312,F,center,1
275313,F,center,1
275317,F,right,1
275318,F,right,1
275319,F,right,1
275320,F,right,1
275321,F,right,1
275322,F,right,1
275323,F,right,1
275324,F,right,1
275325,F,right,1
275326,F,right,1
275327,F,right,1
275363,G,left,1
275364,G,left,1
275365,G,left,1
275366,G,left,1
275367,G,left,1
275368,G,left,1
275369,G,left,1
275370,G,left,1
275371,G,left,1
275372,G,left,1
275373,G,left,1
275374,G,left,1
275378,G,center,1
275379,G,center,1
275380,G,center,1
275381,G,center,1
275382,G,center,1
275383,G,center,1
275384,G,center,1
275385,G,center,1
275386,G,center,1
275387,G,center,1
275388,G,center,1
275389,G,center,1
275390,G,center,1
275391,G,center,1
275392,G,center,1
275393,G,center,1
275397,G,right,1
275398,G,right,1
275399,G,right,1
275400,G,right,1
275401,G,right,1
275402,G,right,1
275403,G,right,1
275404,G,right,1
275405,G,right,1
275406,G,right,1
275407,G,right,1
275408,G,right,1
275442,H,left,1
275443,H,left,1
275444,H,left,1
275445,H,left,1
275446,H,left,1
275447,H,left,1
275448,H,left,1
275449,H,left,1
275450,H,left,1
275451,H,left,1
275452,H,left,1
275453,H,left,1
275454,H,left,1
275458,H,center,1
275459,H,center,1
275460,H,center,1
275461,H,center,1
275462,H,center,1
275463,H,center,1
275464,H,center,1
275465,H,center,1
275466,H,center,1
275467,H,center,1
275468,H,center,1
275469,H,center,1
275470,H,center,1
275471,H,center,1
275472,H,center,1
275473,H,center,1
275477,H,right,1
275478,H,right,1
275479,H,right,1
275480,H,right,1
275481,H,right,1
275482,H,right,1
275483,H,right,1
275484,H,right,1
275485,H,right,1
275486,H,right,1
275487,H,right,1
275488,H,right,1
275489,H,right,1
275521,J,left,1
275522,J,left,1
275523,J,left,1
275524,J,left,1
275525,J,left,1
275526,J,left,1
275527,J,left,1
275528,J,left,1
275529,J,left,1
275530,J,left,1
275531,J,left,1
275532,J,left,1
275533,J,left,1
275534,J,left,1
275538,J,center,1
275539,J,center,1
275540,J,center,1
275541,J,center,1
275542,J,center,1
275543,J,center,1
275544,J,center,1
275545,J,center,1
275546,J,center,1
275547,J,center,1
275548,J,center,1
275549,J,center,1
275550,J,center,1
275551,J,center,1
275552,J,center,1
275553,J,center,1
275557,J,right,1
275558,J,right,1
275559,J,right,1
275560,J,right,1
275561,J,right,1
275562,J,right,1
275563,J,right,1
275564,J,right,1
275565,J,right,1
275566,J,right,1
275567,J,right,1
275568,J,right,1
275569,J,right,1
275570,J,right,1
275601,K,left,1
275602,K,left,1
275603,K,left,1
275604,K,left,1
275605,K,left,1
275606,K,left,1
275607,K,left,1
275608,K,left,1
275609,K,left,1
275610,K,left,1
275611,K,left,1
275612,K,left,1
275613,K,left,1
275614,K,left,1
275618,K,center,1
275619,K,center,1
275620,K,center,1
275621,K,center,1
275622,K,center,1
275623,K,center,1
275624,K,center,1
275625,K,center,1
275626,K,center,1
275627,K,center,1
275628,K,center,1
275629,K,center,1
275630,K,center,1
275631,K,center,1
275632,K,center,1
275633,K,center,1
275637,K,right,1
275638,K,right,1
275639,K,right,1
275640,K,right,1
275641,K,right,1
275642,K,right,1
275643,K,right,1
275644,K,right,1
275645,K,right,1
275646,K,right,1
275647,K,right,1
275648,K,right,1
275649,K,right,1
275650,K,right,1
275681,L,left,1
275682,L,left,1
275683,L,left,1
275684,L,left,1
275685,L,left,1
275686,L,left,1
275687,L,left,1
275688,L,left,1
275689,L,left,1
275690,L,left,1
275691,L,left,1
275692,L,left,1
275693,L,left,1
275694,L,left,1
275698,L,center,1
275699,L,center,1
275700,L,center,1
275701,L,center,1
275702,L,center,1
275703,L,center,1
275704,L,center,1
275705,L,center,1
275706,L,center,1
275707,L,center,1
275708,L,center,1
275709,L,center,1
275710,L,center,1
275711,L,center,1
275712,L,center,1
275713,L,center,1
275717,L,right,1
275718,L,right,1
275719,L,right,1
275720,L,right,1
275721,L,right,1
275722,L,right,1
275723,L,right,1
275724,L,right,1
275725,L,right,1
275726,L,right,1
275727,L,right,1
275728,L,right,1
275729,L,right,1
275730,L,right,1
275761,M,left,1
275762,M,left,1
275763,M,left,1
275764,M,left,1
275765,M,left,1
275766,M,left,1
275767,M,left,1
275768,M,left,1
275769,M,left,1
275770,M,left,1
275771,M,left,1
275772,M,left,1
275773,M,left,1
275774,M,left,1
275778,M,center,1
275779,M,center,1
275780,M,center,1
275781,M,center,1
275782,M,center,1
275783,M,center,1
275784,M,center,1
275785,M,center,1
275786,M,center,1
275787,M,center,1
275788,M,center,1
275789,M,center,1
275790,M,center,1
275791,M,center,1
275792,M,center,1
275793,M,center,1
275797,M,right,1
275798,M,right,1
275799,M,right,1
275800,M,right,1
275801,M,right,1
275802,M,right,1
275803,M,right,1
275804,M,right,1
275805,M,right,1
275806,M,right,1
275807,M,right,1
275808,M,right,1
275809,M,right,1
275810,M,right,1
275842,N,left,1
275843,N,left,1
275844,N,left,1
275845,N,left,1
275846,N,left,1
275847,N,left,1
275848,N,left,1
275849,N,left,1
275850,N,left,1
275851,N,left,1
275852,N,left,1
275853,N,left,1
275854,N,left,1
275858,N,center,1
275859,N,center,1
275860,N,center,1
275861,N,center,1
275862,N,center,1
275863,N,center,1
275864,N,center,1
275865,N,center,1
275866,N,center,1
275867,N,center,1
275868,N,center,1
275869,N,center,1
275870,N,center,1
275871,N,center,1
275872,N,center,1
275873,N,center,1
275877,N,right,1
275878,N,right,1
275879,N,right,1
275880,N,right,1
275881,N,right,1
275882,N,right,1
275883,N,right,1
275884,N,right,1
275885,N,right,1
275886,N,right,1
275887,N,right,1
275888,N,right,1
275889,N,right,1
276321,P,left,2
276322,P,left,2
276323,P,left,2
276324,P,left,2
276325,P,left,2
276326,P,left,2
276327,P,left,2
276328,P,left,2
276329,P,left,2
276330,P,left,2
276331,P,left,2
276332,P,left,2
276333,P,left,2
276338,P,center,2
276339,P,center,2
276340,P,center,2
276341,P,center,2
276342,P,center,2
276343,P,center,2
276344,P,center,2
276345,P,center,2
276346,P,center,2
276347,P,center,2
276348,P,center,2
276349,P,center,2
276350,P,center,2
276351,P,center,2
276352,P,center,2
276353,P,center,2
276358,P,right,2
276359,P,right,2
276360,P,right,2
276361,P,right,2
276362,P,right,2
276363,P,right,2
276364,P,right,2
276365,P,right,2
276366,P,right,2
276367,P,right,2
276368,P,right,2
276369,P,right,2
276370,P,right,2
276402,Q,left,2
276403,Q,left,2
276404,Q,left,2
276405,Q,left,2
276406,Q,left,2
276407,Q,left,2
276408,Q,left,2
276409,Q,left,2
276410,Q,left,2
276411,Q,left,2
276412,Q,left,2
276413,Q,left,2
276418,Q,center,2
276419,Q,center,2
276420,Q,center,2
276421,Q,center,2
276422,Q,center,2
276423,Q,center,2
276424,Q,center,2
276425,Q,center,2
276426,Q,center,2
276427,Q,center,2
276428,Q,center,2
276429,Q,center,2
276430,Q,center,2
276431,Q,center,2
276432,Q,center,2
276433,Q,center,2
276438,Q,right,2
276439,Q,right,2
276440,Q,right,2
276441,Q,right,2
276442,Q,right,2
276443,Q,right,2
276444,Q,right,2
276445,Q,right,2
276446,Q,right,2
276447,Q,right,2
276448,Q,right,2
276449,Q,right,2
276483,R,left,2
276484,R,left,2
276485,R,left,2
276486,R,left,2
276487,R,left,2
276488,R,left,2
276489,R,left,2
276490,R,left,2
276491,R,left,2
276492,R,left,2
276493,R,left,2
276498,R,center,2
276499,R,center,2
276500,R,center,2
276501,R,center,2
276502,R,center,2
276503,R,center,2
276504,R,center,2
276505,R,center,2
276506,R,center,2
276507,R,center,2
276508,R,center,2
276509,R,center,2
276510,R,center,2
276511,R,center,2
276512,R,center,2
276513,R,center,2
276518,R,right,2
276519,R,right,2
276520,R,right,2
276521,R,right,2
276522,R,right,2
276523,R,right,2
276524,R,right,2
276525,R,right,2
276526,R,right,2
276527,R,right,2
276528,R,right,2
276565,S,left,2
276566,S,left,2
276567,S,left,2
276568,S,left,2
276569,S,left,2
276570,S,left,2
276571,S,left,2
276572,S,left,2
276573,S,left,2
276577,S,center,2
276578,S,center,2
276579,S,center,2
276580,S,center,2
276581,S,center,2
276582,S,center,2
276583,S,center,2
276584,S,center,2
276585,S,center,2
276586,S,center,2
276587,S,center,2
276588,S,center,2
276589,S,center,2
276590,S,center,2
276591,S,center,2
276592,S,center,2
276593,S,center,2
276598,S,right,2
276599,S,right,2
276600,S,right,2
276601,S,right,2
276602,S,right,2
276603,S,right,2
276604,S,right,2
276605,S,right,2
276606,S,right,2
276648,T,left,2
276649,T,left,2
276650,T,left,2
276651,T,left,2
276652,T,left,2
276653,T,left,2
276657,T,center,2
276658,T,center,2
276659,T,center,2
276660,T,center,2
276661,T,center,2
276662,T,center,2
276663,T,center,2
276664,T,center,2
276665,T,center,2
276666,T,center,2
276667,T,center,2
276668,T,center,2
276669,T,center,2
276670,T,center,2
276671,T,center,2
276672,T,center,2
276673,T,center,2
276678,T,right,2
276679,T,right,2
276680,T,right,2
276681,T,right,2
276682,T,right,2
276683,T,right,2
276732,U,left,2
276733,U,left,2
276737,U,center,2
276738,U,center,2
276739,U,center,2
276740,U,center,2
276741,U,center,2
276742,U,center,2
276743,U,center,2
276744,U,center,2
276745,U,center,2
276746,U,center,2
276747,U,center,2
276748,U,center,2
276749,U,center,2
276750,U,center,2
276751,U,center,2
276752,U,center,2
276753,U,center,2
276758,U,right,2
276759,U,right,2
276819,V,center,2
276820,V,center,2
276821,V,center,2
276822,V,center,2
276823,V,center,2
276824,V,center,2
276825,V,center,2
276826,V,center,2
276827,V,center,2
276828,V,center,2
276829,V,center,2
276830,V,center,2
276831,V,center,2
277037,SS,left,2
277038,SS,left,2
277039,SS,left,2
277040,SS,left,2
277041,SS,left,2
277042,SS,left,2
277043,SS,left,2
277044,SS,left,2
277045,SS,left,2
277046,SS,left,2
277047,SS,left,2
277048,SS,left,2
277049,SS,left,2
277050,SS,left,2
277051,SS,left,2
277052,SS,left,2
277058,SS,center,2
277059,SS,center,2
277060,SS,center,2
277061,SS,center,2
277062,SS,center,2
277063,SS,center,2
277064,SS,center,2
277065,SS,center,2
277066,SS,center,2
277067,SS,center,2
277068,SS,center,2
277069,SS,center,2
277070,SS,center,2
277071,SS,center,2
277072,SS,center,2
277073,SS,center,2
277074,SS,center,2
277079,SS,right,2
277080,SS,right,2
277081,SS,right,2
277082,SS,right,2
277083,SS,right,2
277084,SS,right,2
277085,SS,right,2
277086,SS,right,2
277087,SS,right,2
277088,SS,right,2
277089,SS,right,2
277090,SS,right,2
277091,SS,right,2
277092,SS,right,2
277093,SS,right,2
277094,SS,right,2
277116,TT,left,2
277117,TT,left,2
277118,TT,left,2
277119,TT,left,2
277120,TT,left,2
277121,TT,left,2
277122,TT,left,2
277123,TT,left,2
277124,TT,left,2
277125,TT,left,2
277126,TT,left,2
277127,TT,left,2
277128,TT,left,2
277129,TT,left,2
277130,TT,left,2
277131,TT,left,2
277132,TT,left,2
277137,TT,center,2
277138,TT,center,2
277139,TT,center,2
277140,TT,center,2
277141,TT,center,2
277142,TT,center,2
277143,TT,center,2
277144,TT,center,2
277145,TT,center,2
277146,TT,center,2
277147,TT,center,2
277148,TT,center,2
277149,TT,center,2
277150,TT,center,2
277151,TT,center,2
277152,TT,center,2
277153,TT,center,2
277154,TT,center,2
277159,TT,right,2
277160,TT,right,2
277161,TT,right,2
277162,TT,right,2
277163,TT,right,2
277164,TT,right,2
277165,TT,right,2
277166,TT,right,2
277167,TT,right,2
277168,TT,right,2
277169,TT,right,2
277170,TT,right,2
277171,TT,right,2
277172,TT,right,2
277173,TT,right,2
277174,TT,right,2
277175,TT,right,2
277196,UU,left,2
277197,UU,left,2
277198,UU,left,2
277199,UU,left,2
277200,UU,left,2
277201,UU,left,2
277202,UU,left,2
277203,UU,left,2
277204,UU,left,2
277205,UU,left,2
277206,UU,left,2
277207,UU,left,2
277208,UU,left,2
277209,UU,left,2
277210,UU,left,2
277211,UU,left,2
277212,UU,left,2
277218,UU,center,2
277219,UU,center,2
277220,UU,center,2
277221,UU,center,2
277222,UU,center,2
277223,UU,center,2
277224,UU,center,2
277225,UU,center,2
277226,UU,center,2
277227,UU,center,2
277228,UU,center,2
277229,UU,center,2
277230,UU,center,2
277231,UU,center,2
277232,UU,center,2
277233,UU,center,2
277234,UU,center,2
277239,UU,right,2
277240,UU,right,2
277241,UU,right,2
277242,UU,right,2
277243,UU,right,2
277244,UU,right,2
277245,UU,right,2
277246,UU,right,2
277247,UU,right,2
277248,UU,right,2
277249,UU,right,2
277250,UU,right,2
277251,UU,right,2
277252,UU,right,2
277253,UU,right,2
277254,UU,right,2
277255,UU,right,2
277276,VV,left,2
277277,VV,left,2
277278,VV,left,2
277279,VV,left,2
277280,VV,left,2
277281,VV,left,2
277282,VV,left,2
277283,VV,left,2
277284,VV,left,2
277285,VV,left,2
277286,VV,left,2
277287,VV,left,2
277288,VV,left,2
277289,VV,left,2
277290,VV,left,2
277291,VV,left,2
277292,VV,left,2
277297,VV,center,2
277298,VV,center,2
277299,VV,center,2
277300,VV,center,2
277301,VV,center,2
277302,VV,center,2
277303,VV,center,2
277304,VV,center,2
277305,VV,center,2
277306,VV,center,2
277307,VV,center,2
277308,VV,center,2
277309,VV,center,2
277310,VV,center,2
277311,VV,center,2
277312,VV,center,2
277313,VV,center,2
277314,VV,center,2
277319,VV,right,2
277320,VV,right,2
277321,VV,right,2
277322,VV,right,2
277323,VV,right,2
277324,VV,right,2
277325,VV,right,2
277326,VV,right,2
277327,VV,right,2
277328,VV,right,2
277329,VV,right,2
277330,VV,right,2
277331,VV,right,2
277332,VV,right,2
277333,VV,right,2
277334,VV,right,2
277335,VV,right,2
277356,WW,left,2
277357,WW,left,2
277358,WW,left,2
277359,WW,left,2
277360,WW,left,2
277361,WW,left,2
277362,WW,left,2
277363,WW,left,2
277364,WW,left,2
277365,WW,left,2
277366,WW,left,2
277367,WW,left,2
277368,WW,left,2
277369,WW,left,2
277370,WW,left,2
277371,WW,left,2
277372,WW,left,2
277377,WW,center,2
277378,WW,center,2
277379,WW,center,2
277380,WW,center,2
277381,WW,center,2
277382,WW,center,2
277383,WW,center,2
277384,WW,center,2
277385,WW,center,2
277386,WW,center,2
277387,WW,center,2
277388,WW,center,2
277389,WW,center,2
277390,WW,center,2
277391,WW,center,2
277392,WW,center,2
277393,WW,center,2
277394,WW,center,2
277399,WW,right,2
277400,WW,right,2
277401,WW,right,2
277402,WW,right,2
277403,WW,right,2
277404,WW,right,2
277405,WW,right,2
277406,WW,right,2
277407,WW,right,2
277408,WW,right,2
277409,WW,right,2
277410,WW,right,2
277411,WW,right,2
277412,WW,right,2
277413,WW,right,2
277414,WW,right,2
277415,WW,right,2
277437,XX,left,2
277438,XX,left,2
277439,XX,left,2
277440,XX,left,2
277441,XX,left,2
277442,XX,left,2
277443,XX,left,2
277444,XX,left,2
277445,XX,left,2
277446,XX,left,2
277447,XX,left,2
277448,XX,left,2
277449,XX,left,2
277450,XX,left,2
277451,XX,left,2
277452,XX,left,2
277457,XX,center,2
277458,XX,center,2
277459,XX,center,2
277460,XX,center,2
277471,XX,center,2
277472,XX,center,2
277473,XX,center,2
277474,XX,center,2
277479,XX,right,2
277480,XX,right,2
277481,XX,right,2
277482,XX,right,2
277483,XX,right,2
277484,XX,right,2
277485,XX,right,2
277486,XX,right,2
277487,XX,right,2
277488,XX,right,2
277489,XX,right,2
277490,XX,right,2
277491,XX,right,2
277492,XX,right,2
277493,XX,right,2
277494,XX,right,2
277519,YY,left,2
277520,YY,left,2
277521,YY,left,2
277522,YY,left,2
277523,YY,left,2
277524,YY,left,2
277525,YY,left,2
277526,YY,left,2
277527,YY,left,2
277528,YY,left,2
277529,YY,left,2
277530,YY,left,2
277531,YY,left,2
277532,YY,left,2
277538,YY,center,2
277539,YY,center,2
277540,YY,center,2
277552,YY,center,2
277553,YY,center,2
277554,YY,center,2
277559,YY,right,2
277560,YY,right,2
277561,YY,right,2
277562,YY,right,2
277563,YY,right,2
277564,YY,right,2
277565,YY,right,2
277566,YY,right,2
277567,YY,right,2
277568,YY,right,2
277569,YY,right,2
277570,YY,right,2
277571,YY,right,2
277572,YY,right,2
277600,ZZ,left,2
277601,ZZ,left,2
277602,ZZ,left,2
277603,ZZ,left,2
277604,ZZ,left,2
277605,ZZ,left,2
277606,ZZ,left,2
277607,ZZ,left,2
277644,ZZ,right,2
277645,ZZ,right,2
277646,ZZ,right,2
277647,ZZ,right,2
277648,ZZ,right,2
277649,ZZ,right,2
277650,ZZ,right,2
277651,ZZ,right,2
277916,1,Box,3
277975,1,Box,3
277992,1,Box,3
277996,1,Box,3
278055,1,Box,3
278059,1,Box,3
278072,1,Box,3
278076,1,Box,3
278135,1,Box,3
278139,1,Box,3
278152,1,Box,3
278156,1,Box,3
278215,1,Box,3
278219,1,Box,3
278232,1,Box,3
278299,1,Box,3
278312,1,Box,3
278379,1,Box,3
278392,1,Box,3
278459,1,Box,3
278472,1,Box,3
278539,1,Box,3
278552,1,Box,3
278619,1,Box,3
279441,1,Box,3
279442,1,Box,3
279443,1,Box,3
279444,1,Box,3
279445,1,Box,3
279447,1,Box,3
279448,1,Box,3
279449,1,Box,3
279450,1,Box,3
279451,1,Box,3
279461,1,Box,3
279462,1,Box,3
279463,1,Box,3
279464,1,Box,3
279465,1,Box,3
279467,1,Box,3
279468,1,Box,3
279469,1,Box,3
279470,1,Box,3
279471,1,Box,3
279480,1,Box,3
279481,1,Box,3
279482,1,Box,3
279483,1,Box,3
279484,1,Box,3
279486,1,Box,3
279487,1,Box,3
279488,1,Box,3
279489,1,Box,3
278636,A,left,3
278637,A,left,3
278638,A,left,3
278639,A,left,3
278640,A,left,3
278641,A,left,3
278642,A,left,3
278643,A,left,3
278644,A,left,3
278645,A,left,3
278646,A,left,3
278647,A,left,3
278648,A,left,3
278649,A,left,3
278650,A,left,3
278651,A,left,3
278658,A,center,3
278659,A,center,3
278660,A,center,3
278661,A,center,3
278662,A,center,3
278663,A,center,3
278664,A,center,3
278665,A,center,3
278666,A,center,3
278667,A,center,3
278668,A,center,3
278669,A,center,3
278670,A,center,3
278671,A,center,3
278672,A,center,3
278673,A,center,3
278674,A,center,3
278675,A,center,3
278680,A,right,3
278681,A,right,3
278682,A,right,3
278683,A,right,3
278684,A,right,3
278685,A,right,3
278686,A,right,3
278687,A,right,3
278688,A,right,3
278689,A,right,3
278690,A,right,3
278691,A,right,3
278692,A,right,3
278693,A,right,3
278694,A,right,3
278695,A,right,3
278715,B,left,3
278716,B,left,3
278717,B,left,3
278718,B,left,3
278719,B,left,3
278720,B,left,3
278721,B,left,3
278722,B,left,3
278723,B,left,3
278724,B,left,3
278725,B,left,3
278726,B,left,3
278727,B,left,3
278728,B,left,3
278729,B,left,3
278730,B,left,3
278731,B,left,3
278738,B,center,3
278739,B,center,3
278740,B,center,3
278741,B,center,3
278742,B,center,3
278743,B,center,3
278744,B,center,3
278745,B,center,3
278746,B,center,3
278747,B,center,3
278748,B,center,3
278749,B,center,3
278750,B,center,3
278751,B,center,3
278752,B,center,3
278753,B,center,3
278754,B,center,3
278755,B,center,3
278760,B,right,3
278761,B,right,3
278762,B,right,3
278763,B,right,3
278764,B,right,3
278765,B,right,3
278766,B,right,3
278767,B,right,3
278768,B,right,3
278769,B,right,3
278770,B,right,3
278771,B,right,3
278772,B,right,3
278773,B,right,3
278774,B,right,3
278775,B,right,3
278776,B,right,3
278795,C,left,3
278796,C,left,3
278797,C,left,3
278798,C,left,3
278799,C,left,3
278800,C,left,3
278801,C,left,3
278802,C,left,3
278803,C,left,3
278804,C,left,3
278805,C,left,3
278806,C,left,3
278807,C,left,3
278808,C,left,3
278809,C,left,3
278810,C,left,3
278811,C,left,3
278818,C,center,3
278819,C,center,3
278820,C,center,3
278821,C,center,3
278822,C,center,3
278823,C,center,3
278824,C,center,3
278825,C,center,3
278826,C,center,3
278827,C,center,3
278828,C,center,3
278829,C,center,3
278830,C,center,3
278831,C,center,3
278832,C,center,3
278833,C,center,3
278834,C,center,3
278835,C,center,3
278840,C,right,3
278841,C,right,3
278842,C,right,3
278843,C,right,3
278844,C,right,3
278845,C,right,3
278846,C,right,3
278847,C,right,3
278848,C,right,3
278849,C,right,3
278850,C,right,3
278851,C,right,3
278852,C,right,3
278853,C,right,3
278854,C,right,3
278855,C,right,3
278856,C,right,3
278876,D,left,3
278877,D,left,3
278878,D,left,3
278879,D,left,3
278880,D,left,3
278881,D,left,3
278882,D,left,3
278883,D,left,3
278884,D,left,3
278885,D,left,3
278886,D,left,3
278887,D,left,3
278888,D,left,3
278889,D,left,3
278890,D,left,3
278891,D,left,3
278897,D,center,3
278898,D,center,3
278899,D,center,3
278900,D,center,3
278901,D,center,3
278902,D,center,3
278903,D,center,3
278904,D,center,3
278905,D,center,3
278906,D,center,3
278907,D,center,3
278908,D,center,3
278909,D,center,3
278910,D,center,3
278911,D,center,3
278912,D,center,3
278913,D,center,3
278914,D,center,3
278915,D,center,3
278920,D,right,3
278921,D,right,3
278922,D,right,3
278923,D,right,3
278924,D,right,3
278925,D,right,3
278926,D,right,3
278927,D,right,3
278928,D,right,3
278929,D,right,3
278930,D,right,3
278931,D,right,3
278932,D,right,3
278933,D,right,3
278934,D,right,3
278935,D,right,3
278956,E,left,3
278957,E,left,3
278958,E,left,3
278959,E,left,3
278960,E,left,3
278961,E,left,3
278962,E,left,3
278963,E,left,3
278964,E,left,3
278965,E,left,3
278966,E,left,3
278967,E,left,3
278968,E,left,3
278969,E,left,3
278970,E,left,3
278971,E,left,3
278977,E,center,3
278978,E,center,3
278979,E,center,3
278980,E,center,3
278981,E,center,3
278982,E,center,3
278983,E,center,3
278984,E,center,3
278985,E,center,3
278986,E,center,3
278987,E,center,3
278988,E,center,3
278989,E,center,3
278990,E,center,3
278991,E,center,3
278992,E,center,3
278993,E,center,3
278994,E,center,3
278995,E,center,3
279000,E,right,3
279001,E,right,3
279002,E,right,3
279003,E,right,3
279004,E,right,3
279005,E,right,3
279006,E,right,3
279007,E,right,3
279008,E,right,3
279009,E,right,3
279010,E,right,3
279011,E,right,3
279012,E,right,3
279013,E,right,3
279014,E,right,3
279015,E,right,3
279037,F,left,3
279038,F,left,3
279039,F,left,3
279040,F,left,3
279041,F,left,3
279042,F,left,3
279043,F,left,3
279044,F,left,3
279045,F,left,3
279046,F,left,3
279047,F,left,3
279048,F,left,3
279049,F,left,3
279050,F,left,3
279051,F,left,3
279057,F,center,3
279058,F,center,3
279059,F,center,3
279060,F,center,3
279061,F,center,3
279062,F,center,3
279063,F,center,3
279064,F,center,3
279065,F,center,3
279066,F,center,3
279067,F,center,3
279068,F,center,3
279069,F,center,3
279070,F,center,3
279071,F,center,3
279072,F,center,3
279073,F,center,3
279074,F,center,3
279075,F,center,3
279080,F,right,3
279081,F,right,3
279082,F,right,3
279083,F,right,3
279084,F,right,3
279085,F,right,3
279086,F,right,3
279087,F,right,3
279088,F,right,3
279089,F,right,3
279090,F,right,3
279091,F,right,3
279092,F,right,3
279093,F,right,3
279094,F,right,3
279117,G,left,3
279118,G,left,3
279119,G,left,3
279120,G,left,3
279121,G,left,3
279122,G,left,3
279123,G,left,3
279124,G,left,3
279125,G,left,3
279126,G,left,3
279127,G,left,3
279128,G,left,3
279129,G,left,3
279130,G,left,3
279131,G,left,3
279136,G,center,3
279137,G,center,3
279138,G,center,3
279139,G,center,3
279140,G,center,3
279141,G,center,3
279142,G,center,3
279143,G,center,3
279144,G,center,3
279145,G,center,3
279146,G,center,3
279147,G,center,3
279148,G,center,3
279149,G,center,3
279150,G,center,3
279151,G,center,3
279152,G,center,3
279153,G,center,3
279154,G,center,3
279155,G,center,3
279160,G,right,3
279161,G,right,3
279162,G,right,3
279163,G,right,3
279164,G,right,3
279165,G,right,3
279166,G,right,3
279167,G,right,3
279168,G,right,3
279169,G,right,3
279170,G,right,3
279171,G,right,3
279172,G,right,3
279173,G,right,3
279174,G,right,3
279198,H,left,3
279199,H,left,3
279200,H,left,3
279201,H,left,3
279202,H,left,3
279203,H,left,3
279204,H,left,3
279205,H,left,3
279206,H,left,3
279207,H,left,3
279208,H,left,3
279209,H,left,3
279210,H,left,3
279211,H,left,3
279216,H,center,3
279217,H,center,3
279218,H,center,3
279219,H,center,3
279220,H,center,3
279221,H,center,3
279222,H,center,3
279223,H,center,3
279224,H,center,3
279225,H,center,3
279226,H,center,3
279227,H,center,3
279228,H,center,3
279229,H,center,3
279230,H,center,3
279231,H,center,3
279232,H,center,3
279233,H,center,3
279234,H,center,3
279235,H,center,3
279240,H,right,3
279241,H,right,3
279242,H,right,3
279243,H,right,3
279244,H,right,3
279245,H,right,3
279246,H,right,3
279247,H,right,3
279248,H,right,3
279249,H,right,3
279250,H,right,3
279251,H,right,3
279252,H,right,3
279253,H,right,3
279297,J,center,3
279298,J,center,3
279299,J,center,3
279300,J,center,3
279680,1,Box,4
279731,1,Box,4
279760,1,Box,4
279811,1,Box,4
279834,1,Box,4
279840,1,Box,4
279891,1,Box,4
279897,1,Box,4
279914,1,Box,4
279920,1,Box,4
279971,1,Box,4
279977,1,Box,4
279994,1,Box,4
280057,1,Box,4
280074,1,Box,4
280137,1,Box,4
280154,1,Box,4
280217,1,Box,4
280234,1,Box,4
280297,1,Box,4
280314,1,Box,4
280377,1,Box,4
280394,1,Box,4
280457,1,Box,4
280474,1,Box,4
280537,1,Box,4
280554,1,Box,4
280617,1,Box,4
280559,A,left,4
280560,A,left,4
280561,A,left,4
280562,A,left,4
280563,A,left,4
280564,A,left,4
280565,A,left,4
280566,A,left,4
280567,A,left,4
280568,A,left,4
280569,A,left,4
280570,A,left,4
280571,A,left,4
280572,A,left,4
280573,A,left,4
280574,A,left,4
280578,A,center,4
280579,A,center,4
280580,A,center,4
280581,A,center,4
280582,A,center,4
280583,A,center,4
280584,A,center,4
280585,A,center,4
280586,A,center,4
280587,A,center,4
280588,A,center,4
280589,A,center,4
280590,A,center,4
280591,A,center,4
280592,A,center,4
280593,A,center,4
280597,A,right,4
280598,A,right,4
280599,A,right,4
280600,A,right,4
280601,A,right,4
280602,A,right,4
280603,A,right,4
280604,A,right,4
280605,A,right,4
280606,A,right,4
280607,A,right,4
280608,A,right,4
280609,A,right,4
280610,A,right,4
280611,A,right,4
280612,A,right,4
280639,B,left,4
280640,B,left,4
280641,B,left,4
280642,B,left,4
280643,B,left,4
280644,B,left,4
280645,B,left,4
280646,B,left,4
280647,B,left,4
280648,B,left,4
280649,B,left,4
280650,B,left,4
280651,B,left,4
280652,B,left,4
280653,B,left,4
280654,B,left,4
280658,B,center,4
280659,B,center,4
280660,B,center,4
280661,B,center,4
280662,B,center,4
280663,B,center,4
280664,B,center,4
280665,B,center,4
280666,B,center,4
280667,B,center,4
280668,B,center,4
280669,B,center,4
280670,B,center,4
280671,B,center,4
280672,B,center,4
280673,B,center,4
280677,B,right,4
280678,B,right,4
280679,B,right,4
280680,B,right,4
280681,B,right,4
280682,B,right,4
280683,B,right,4
280684,B,right,4
280685,B,right,4
280686,B,right,4
280687,B,right,4
280688,B,right,4
280689,B,right,4
280690,B,right,4
280691,B,right,4
280692,B,right,4
280718,C,left,4
280719,C,left,4
280720,C,left,4
280721,C,left,4
280722,C,left,4
280723,C,left,4
280724,C,left,4
280725,C,left,4
280726,C,left,4
280727,C,left,4
280728,C,left,4
280729,C,left,4
280730,C,left,4
280731,C,left,4
280732,C,left,4
280733,C,left,4
280734,C,left,4
280738,C,center,4
280739,C,center,4
280740,C,center,4
280741,C,center,4
280742,C,center,4
280743,C,center,4
280744,C,center,4
280745,C,center,4
280746,C,center,4
280747,C,center,4
280748,C,center,4
280749,C,center,4
280750,C,center,4
280751,C,center,4
280752,C,center,4
280753,C,center,4
280757,C,right,4
280758,C,right,4
280759,C,right,4
280760,C,right,4
280761,C,right,4
280762,C,right,4
280763,C,right,4
280764,C,right,4
280765,C,right,4
280766,C,right,4
280767,C,right,4
280768,C,right,4
280769,C,right,4
280770,C,right,4
280771,C,right,4
280772,C,right,4
280773,C,right,4
280798,D,left,4
280799,D,left,4
280800,D,left,4
280801,D,left,4
280802,D,left,4
280803,D,left,4
280804,D,left,4
280805,D,left,4
280806,D,left,4
280807,D,left,4
280808,D,left,4
280809,D,left,4
280810,D,left,4
280811,D,left,4
280812,D,left,4
280813,D,left,4
280814,D,left,4
280818,D,center,4
280819,D,center,4
280820,D,center,4
280821,D,center,4
280822,D,center,4
280823,D,center,4
280824,D,center,4
280825,D,center,4
280826,D,center,4
280827,D,center,4
280828,D,center,4
280829,D,center,4
280830,D,center,4
280831,D,center,4
280832,D,center,4
280833,D,center,4
280837,D,right,4
280838,D,right,4
280839,D,right,4
280840,D,right,4
280841,D,right,4
280842,D,right,4
280843,D,right,4
280844,D,right,4
280845,D,right,4
280846,D,right,4
280847,D,right,4
280848,D,right,4
280849,D,right,4
280850,D,right,4
280851,D,right,4
280852,D,right,4
280853,D,right,4
280879,E,left,4
280880,E,left,4
280881,E,left,4
280882,E,left,4
280883,E,left,4
280884,E,left,4
280885,E,left,4
280886,E,left,4
280887,E,left,4
280888,E,left,4
280889,E,left,4
280890,E,left,4
280891,E,left,4
280892,E,left,4
280893,E,left,4
280894,E,left,4
280898,E,center,4
280899,E,center,4
280900,E,center,4
280901,E,center,4
280902,E,center,4
280903,E,center,4
280904,E,center,4
280905,E,center,4
280906,E,center,4
280907,E,center,4
280908,E,center,4
280909,E,center,4
280910,E,center,4
280911,E,center,4
280912,E,center,4
280913,E,center,4
280917,E,right,4
280918,E,right,4
280919,E,right,4
280920,E,right,4
280921,E,right,4
280922,E,right,4
280923,E,right,4
280924,E,right,4
280925,E,right,4
280926,E,right,4
280927,E,right,4
280928,E,right,4
280929,E,right,4
280930,E,right,4
280931,E,right,4
280932,E,right,4
280959,F,left,4
280960,F,left,4
280961,F,left,4
280962,F,left,4
280963,F,left,4
280964,F,left,4
280965,F,left,4
280966,F,left,4
280967,F,left,4
280968,F,left,4
280969,F,left,4
280970,F,left,4
280971,F,left,4
280972,F,left,4
280973,F,left,4
280974,F,left,4
280978,F,center,4
280979,F,center,4
280980,F,center,4
280981,F,center,4
280982,F,center,4
280983,F,center,4
280984,F,center,4
280985,F,center,4
280986,F,center,4
280987,F,center,4
280988,F,center,4
280989,F,center,4
280990,F,center,4
280991,F,center,4
280992,F,center,4
280993,F,center,4
280997,F,right,4
280998,F,right,4
280999,F,right,4
281000,F,right,4
281001,F,right,4
281002,F,right,4
281003,F,right,4
281004,F,right,4
281005,F,right,4
281006,F,right,4
281007,F,right,4
281008,F,right,4
281009,F,right,4
281010,F,right,4
281011,F,right,4
281012,F,right,4
281039,G,left,4
281040,G,left,4
281041,G,left,4
281042,G,left,4
281043,G,left,4
281044,G,left,4
281045,G,left,4
281046,G,left,4
281047,G,left,4
281048,G,left,4
281049,G,left,4
281050,G,left,4
281051,G,left,4
281052,G,left,4
281053,G,left,4
281054,G,left,4
281058,G,center,4
281059,G,center,4
281060,G,center,4
281061,G,center,4
281062,G,center,4
281063,G,center,4
281064,G,center,4
281065,G,center,4
281066,G,center,4
281067,G,center,4
281068,G,center,4
281069,G,center,4
281070,G,center,4
281071,G,center,4
281072,G,center,4
281073,G,center,4
281077,G,right,4
281078,G,right,4
281079,G,right,4
281080,G,right,4
281081,G,right,4
281082,G,right,4
281083,G,right,4
281084,G,right,4
281085,G,right,4
281086,G,right,4
281087,G,right,4
281088,G,right,4
281089,G,right,4
281090,G,right,4
281091,G,right,4
281092,G,right,4
281119,H,left,4
281120,H,left,4
281121,H,left,4
281122,H,left,4
281123,H,left,4
281124,H,left,4
281125,H,left,4
281126,H,left,4
281127,H,left,4
281128,H,left,4
281129,H,left,4
281130,H,left,4
281131,H,left,4
281132,H,left,4
281133,H,left,4
281134,H,left,4
281138,H,center,4
281139,H,center,4
281140,H,center,4
281141,H,center,4
281142,H,center,4
281143,H,center,4
281144,H,center,4
281145,H,center,4
281146,H,center,4
281147,H,center,4
281148,H,center,4
281149,H,center,4
281150,H,center,4
281151,H,center,4
281152,H,center,4
281153,H,center,4
281157,H,right,4
281158,H,right,4
281159,H,right,4
281160,H,right,4
281161,H,right,4
281162,H,right,4
281163,H,right,4
281164,H,right,4
281165,H,right,4
281166,H,right,4
281167,H,right,4
281168,H,right,4
281169,H,right,4
281170,H,right,4
281171,H,right,4
281172,H,right,4
281199,J,left,4
281200,J,left,4
281201,J,left,4
281202,J,left,4
281203,J,left,4
281204,J,left,4
281205,J,left,4
281206,J,left,4
281207,J,left,4
281208,J,left,4
281209,J,left,4
281210,J,left,4
281211,J,left,4
281212,J,left,4
281213,J,left,4
281214,J,left,4
281219,J,center,4
281220,J,center,4
281221,J,center,4
281222,J,center,4
281223,J,center,4
281224,J,center,4
281225,J,center,4
281226,J,center,4
281227,J,center,4
281228,J,center,4
281229,J,center,4
281230,J,center,4
281231,J,center,4
281232,J,center,4
281233,J,center,4
281237,J,right,4
281238,J,right,4
281239,J,right,4
281240,J,right,4
281241,J,right,4
281242,J,right,4
281243,J,right,4
281244,J,right,4
281245,J,right,4
281246,J,right,4
281247,J,right,4
281248,J,right,4
281249,J,right,4
281250,J,right,4
281251,J,right,4
281252,J,right,4
281435,1,center,5
281499,1,center,5
281515,1,center,5
281579,1,center,5
281595,1,center,5
281659,1,center,5
281675,1,center,5
281739,1,center,5
281755,1,center,5
281819,1,center,5
281835,1,center,5
281899,1,center,5
281915,1,center,5
281979,1,center,5
281995,1,center,5
282059,1,center,5
282075,1,center,5
282139,1,center,5
282155,1,center,5
282219,1,center,5
282242,A,center,5
282243,A,center,5
282244,A,center,5
282245,A,center,5
282246,A,center,5
282247,A,center,5
282248,A,center,5
282249,A,center,5
282250,A,center,5
282251,A,center,5
282252,A,center,5
282253,A,center,5
282254,A,center,5
282255,A,center,5
282256,A,center,5
282257,A,center,5
282258,A,center,5
282259,A,center,5
282260,A,center,5
282261,A,center,5
282262,A,center,5
282263,A,center,5
282264,A,center,5
282265,A,center,5
282266,A,center,5
282267,A,center,5
282268,A,center,5
282269,A,center,5
282270,A,center,5
282271,A,center,5
282272,A,center,5
282273,A,center,5
282274,A,center,5
282275,A,center,5
282276,A,center,5
282277,A,center,5
282278,A,center,5
282279,A,center,5
282280,A,center,5
282281,A,center,5
282282,A,center,5
282283,A,center,5
282284,A,center,5
282285,A,center,5
282286,A,center,5
282287,A,center,5
282288,A,center,5
282289,A,center,5
282290,A,center,5
282291,A,center,5
282292,A,center,5
282321,B,center,5
282322,B,center,5
282323,B,center,5
282324,B,center,5
282325,B,center,5
282326,B,center,5
282327,B,center,5
282328,B,center,5
282329,B,center,5
282330,B,center,5
282331,B,center,5
282332,B,center,5
282333,B,center,5
282334,B,center,5
282335,B,center,5
282336,B,center,5
282337,B,center,5
282338,B,center,5
282339,B,center,5
282340,B,center,5
282341,B,center,5
282342,B,center,5
282343,B,center,5
282344,B,center,5
282345,B,center,5
282346,B,center,5
282347,B,center,5
282348,B,center,5
282349,B,center,5
282350,B,center,5
282351,B,center,5
282352,B,center,5
282353,B,center,5
282354,B,center,5
282355,B,center,5
282356,B,center,5
282357,B,center,5
282358,B,center,5
282359,B,center,5
282360,B,center,5
282361,B,center,5
282362,B,center,5
282363,B,center,5
282364,B,center,5
282365,B,center,5
282366,B,center,5
282367,B,center,5
282368,B,center,5
282369,B,center,5
282370,B,center,5
282371,B,center,5
282372,B,center,5
282400,C,center,5
282401,C,center,5
282402,C,center,5
282403,C,center,5
282404,C,center,5
282405,C,center,5
282406,C,center,5
282407,C,center,5
282408,C,center,5
282409,C,center,5
282410,C,center,5
282411,C,center,5
282412,C,center,5
282413,C,center,5
282414,C,center,5
282415,C,center,5
282416,C,center,5
282417,C,center,5
282418,C,center,5
282419,C,center,5
282420,C,center,5
282421,C,center,5
282422,C,center,5
282423,C,center,5
282424,C,center,5
282425,C,center,5
282426,C,center,5
282427,C,center,5
282428,C,center,5
282429,C,center,5
282430,C,center,5
282431,C,center,5
282432,C,center,5
282433,C,center,5
282434,C,center,5
282435,C,center,5
282436,C,center,5
282437,C,center,5
282438,C,center,5
282439,C,center,5
282440,C,center,5
282441,C,center,5
282442,C,center,5
282443,C,center,5
282444,C,center,5
282445,C,center,5
282446,C,center,5
282447,C,center,5
282448,C,center,5
282449,C,center,5
282450,C,center,5
282451,C,center,5
282452,C,center,5
282481,D,center,5
282482,D,center,5
282483,D,center,5
282484,D,center,5
282485,D,center,5
282486,D,center,5
282487,D,center,5
282488,D,center,5
282489,D,center,5
282490,D,center,5
282491,D,center,5
282492,D,center,5
282493,D,center,5
282494,D,center,5
282495,D,center,5
282496,D,center,5
282497,D,center,5
282498,D,center,5
282499,D,center,5
282500,D,center,5
282501,D,center,5
282502,D,center,5
282503,D,center,5
282504,D,center,5
282505,D,center,5
282506,D,center,5
282507,D,center,5
282508,D,center,5
282509,D,center,5
282510,D,center,5
282511,D,center,5
282512,D,center,5
282513,D,center,5
282514,D,center,5
282515,D,center,5
282516,D,center,5
282517,D,center,5
282518,D,center,5
282519,D,center,5
282520,D,center,5
282521,D,center,5
282522,D,center,5
282523,D,center,5
282524,D,center,5
282525,D,center,5
282526,D,center,5
282527,D,center,5
282528,D,center,5
282529,D,center,5
282530,D,center,5
282531,D,center,5
282532,D,center,5
282561,E,center,5
282562,E,center,5
282563,E,center,5
282564,E,center,5
282565,E,center,5
282566,E,center,5
282567,E,center,5
282568,E,center,5
282569,E,center,5
282570,E,center,5
282571,E,center,5
282572,E,center,5
282573,E,center,5
282574,E,center,5
282575,E,center,5
282576,E,center,5
282577,E,center,5
282578,E,center,5
282579,E,center,5
282580,E,center,5
282581,E,center,5
282582,E,center,5
282583,E,center,5
282584,E,center,5
282585,E,center,5
282586,E,center,5
282587,E,center,5
282588,E,center,5
282589,E,center,5
282590,E,center,5
282591,E,center,5
282592,E,center,5
282593,E,center,5
282594,E,center,5
282595,E,center,5
282596,E,center,5
282597,E,center,5
282598,E,center,5
282599,E,center,5
282600,E,center,5
282601,E,center,5
282602,E,center,5
282603,E,center,5
282604,E,center,5
282605,E,center,5
282606,E,center,5
282607,E,center,5
282608,E,center,5
282609,E,center,5
282610,E,center,5
282611,E,center,5
282612,E,center,5
282641,F,center,5
282642,F,center,5
282643,F,center,5
282644,F,center,5
282645,F,center,5
282646,F,center,5
282647,F,center,5
282648,F,center,5
282649,F,center,5
282650,F,center,5
282651,F,center,5
282652,F,center,5
282653,F,center,5
282654,F,center,5
282655,F,center,5
282656,F,center,5
282657,F,center,5
282658,F,center,5
282659,F,center,5
282660,F,center,5
282661,F,center,5
282662,F,center,5
282663,F,center,5
282664,F,center,5
282665,F,center,5
282666,F,center,5
282667,F,center,5
282668,F,center,5
282669,F,center,5
282670,F,center,5
282671,F,center,5
282672,F,center,5
282673,F,center,5
282674,F,center,5
282675,F,center,5
282676,F,center,5
282677,F,center,5
282678,F,center,5
282679,F,center,5
282680,F,center,5
282681,F,center,5
282682,F,center,5
282683,F,center,5
282684,F,center,5
282685,F,center,5
282686,F,center,5
282687,F,center,5
282688,F,center,5
282689,F,center,5
282690,F,center,5
282691,F,center,5
282692,F,center,5
282722,G,center,5
282723,G,center,5
282724,G,center,5
282725,G,center,5
282726,G,center,5
282727,G,center,5
282728,G,center,5
282729,G,center,5
282730,G,center,5
282731,G,center,5
282732,G,center,5
282733,G,center,5
282734,G,center,5
282735,G,center,5
282736,G,center,5
282737,G,center,5
282738,G,center,5
282739,G,center,5
282740,G,center,5
282741,G,center,5
282742,G,center,5
282743,G,center,5
282744,G,center,5
282745,G,center,5
282746,G,center,5
282747,G,center,5
282748,G,center,5
282749,G,center,5
282750,G,center,5
282751,G,center,5
282752,G,center,5
282753,G,center,5
282754,G,center,5
282755,G,center,5
282756,G,center,5
282757,G,center,5
282758,G,center,5
282759,G,center,5
282760,G,center,5
282761,G,center,5
282762,G,center,5
282763,G,center,5
282764,G,center,5
282765,G,center,5
282766,G,center,5
282767,G,center,5
282768,G,center,5
282769,G,center,5
282770,G,center,5
282771,G,center,5
282772,G,center,5
282801,H,center,5
282802,H,center,5
282803,H,center,5
282804,H,center,5
282805,H,center,5
282806,H,center,5
282807,H,center,5
282808,H,center,5
282809,H,center,5
282810,H,center,5
282811,H,center,5
282812,H,center,5
282813,H,center,5
282814,H,center,5
282815,H,center,5
282816,H,center,5
282817,H,center,5
282818,H,center,5
282819,H,center,5
282820,H,center,5
282821,H,center,5
282822,H,center,5
282823,H,center,5
282824,H,center,5
282825,H,center,5
282826,H,center,5
282827,H,center,5
282828,H,center,5
282829,H,center,5
282830,H,center,5
282831,H,center,5
282832,H,center,5
282833,H,center,5
282834,H,center,5
282835,H,center,5
282836,H,center,5
282837,H,center,5
282838,H,center,5
282839,H,center,5
282840,H,center,5
282841,H,center,5
282842,H,center,5
282843,H,center,5
282844,H,center,5
282845,H,center,5
282846,H,center,5
282847,H,center,5
282848,H,center,5
282849,H,center,5
282850,H,center,5
282851,H,center,5
282852,H,center,5
282882,J,center,5
282883,J,center,5
282884,J,center,5
282885,J,center,5
282886,J,center,5
282887,J,center,5
282888,J,center,5
282889,J,center,5
282890,J,center,5
282891,J,center,5
282892,J,center,5
282893,J,center,5
282894,J,center,5
282895,J,center,5
282896,J,center,5
282897,J,center,5
282898,J,center,5
282899,J,center,5
282900,J,center,5
282901,J,center,5
282902,J,center,5
282903,J,center,5
282904,J,center,5
282905,J,center,5
282906,J,center,5
282907,J,center,5
282908,J,center,5
282909,J,center,5
282910,J,center,5
282911,J,center,5
282912,J,center,5
282913,J,center,5
282914,J,center,5
282915,J,center,5
282916,J,center,5
282917,J,center,5
282918,J,center,5
282919,J,center,5
282920,J,center,5
282921,J,center,5
282922,J,center,5
282923,J,center,5
282924,J,center,5
282925,J,center,5
282926,J,center,5
282927,J,center,5
282928,J,center,5
282929,J,center,5
282930,J,center,5
282931,J,center,5
282932,J,center,5
282977,K,center,5
282978,K,center,5
282979,K,center,5
282980,K,center,5
282981,K,center,5
282982,K,center,5
282983,K,center,5
282984,K,center,5
282985,K,center,5
282986,K,center,5
282987,K,center,5
282988,K,center,5
282989,K,center,5
282990,K,center,5
282991,K,center,5
282992,K,center,5
282993,K,center,5
282994,K,center,5
282995,K,center,5
282996,K,center,5